{
  "content_file": "https://demo.themeisle.com/neve-charity/wp-content/uploads/sites/178/ti-demo-data/export.xml",
  "theme_mods": {
    "ti_prev_theme": "twentysixteen",
    "custom_css_post_id": 16,
    "background_color": "ffffff",
    "neve_menu_item_color": "#ffffff",
    "neve_navigation_layout": "left",
    "neve_last_menu_item": "[]",
    "neve_menu_item_hover_color": "#ffffff",
    "neve_button_color": "#ffc42e",
    "neve_link_color": "#00a2dd",
    "neve_link_hover_color": "#27addd",
    "neve_blog_archive_container_style": "contained",
    "neve_blog_archive_layout": "alternative",
    "neve_default_sidebar_layout": "full-width",
    "neve_sitewide_content_width": 80,
    "neve_body_font_family": "Montserrat",
    "neve_headings_font_family": "Montserrat",
    "neve_footer_text": "<a href=\"https://themeisle.com/themes/neve/\" target=\"_blank\" rel=\"nofollow\">Neve Charity</a> | Powered by <a href=\"http://wordpress.org\" rel=\"nofollow\">WordPress</a>",
    "neve_footer_widget_columns": 2,
    "neve_text_color": "#000000",
    "neve_headings_font_weight": "900",
    "neve_headings_text_transform": "uppercase",
    "neve_body_font_weight": "500",
    "footer-one-widgets_component_align": "center",
    "hfg_footer_layout": "{\"desktop\":{\"top\":[],\"bottom\":[{\"x\":0,\"y\":1,\"width\":12,\"height\":1,\"id\":\"footer_copyright\"}]}}",
    "custom_logo": 126,
    "primary-menu_style": "style-plain",
    "primary-menu_color": "#000000",
    "primary-menu_active_color": "#000000",
    "primary-menu_hover_color": "#00a2dd",
    "hfg_header_layout": "{\"desktop\":{\"top\":[],\"main\":[{\"x\":0,\"y\":1,\"width\":4,\"height\":1,\"id\":\"logo\"},{\"x\":4,\"y\":1,\"width\":8,\"height\":1,\"id\":\"primary-menu\"}],\"bottom\":[]},\"mobile\":{\"top\":[],\"main\":[{\"x\":0,\"y\":1,\"width\":8,\"height\":1,\"id\":\"logo\"},{\"x\":8,\"y\":1,\"width\":4,\"height\":1,\"id\":\"nav-icon\"}],\"bottom\":[],\"sidebar\":[{\"x\":0,\"y\":1,\"width\":8,\"height\":1,\"id\":\"primary-menu\"}]}}",
    "footer_copyright_content": "<p><a href=\"https://themeisle.com/themes/neve/\" target=\"_blank\" rel=\"nofollow\">Neve Charity</a> | Powered by <a href=\"http://wordpress.org\" rel=\"nofollow\">WordPress</a></p>",
    "neve_generated_style_version": 1555943907,
    "__ti_import_menus_location": {
      "primary": "main"
    }
  },
  "wp_options": {
    "elementor_disable_typography_schemes": "yes",
    "elementor_disable_color_schemes": "yes"
  },
  "widgets": {
    "blog-sidebar": {
      "search-2": {
        "title": ""
      },
      "recent-posts-2": {
        "title": "",
        "number": 5
      },
      "recent-comments-2": {
        "title": "",
        "number": 5
      },
      "archives-2": {
        "title": "",
        "count": 0,
        "dropdown": 0
      },
      "categories-2": {
        "title": "",
        "count": 0,
        "hierarchical": 0,
        "dropdown": 0
      },
      "meta-2": {
        "title": ""
      }
    }
  },
  "recommended_plugins": {
    "themeisle-companion": "Orbit Fox by ThemeIsle"
  },
  "mandatory_plugins": {
    "elementor": "Elementor Page Builder"
  },
  "default_off_recommended_plugins": null,
  "front_page": {
    "front_page": "neve-charity-demo-frontpage",
    "blog_page": "neve-charity-demo-blog"
  },
  "shop_pages": null
}
