<wpml-config>
  <custom-fields>
    <custom-field action="copy-once">neve_meta_content_width</custom-field>
    <custom-field action="copy-once">neve_meta_disable_title</custom-field>
    <custom-field action="copy-once">neve_meta_sidebar</custom-field>
    <custom-field action="copy-once">neve_meta_enable_content_width</custom-field>
    <custom-field action="copy-once">neve_meta_disable_header</custom-field>
    <custom-field action="copy-once">neve_meta_disable_footer</custom-field>
  </custom-fields>
  <admin-texts>
    <key name="theme_mods_neve">
      <key name="neve_footer_text"/>
    </key>
  </admin-texts>
</wpml-config>