{
  "content_file": "https://demo.themeisle.com/neve-freelancer/wp-content/uploads/sites/183/ti-demo-data/export.xml",
  "theme_mods": {
    "ti_prev_theme": "twentyseventeen",
    "custom_css_post_id": "34",
    "neve_link_hover_color": "#67b3a3",
    "neve_menu_item_hover_color": "#67b3a3",
    "neve_last_menu_item": "[]",
    "neve_footer_text": "<p><a href=\"https://themeisle.com/themes/neve/\" rel=\"nofollow\">Neve</a> | Powered by <a href=\"http://wordpress.org\" rel=\"nofollow\">WordPress</a></p>",
    "neve_generated_style_version": "1554370325",
    "__ti_import_menus_location": {
      "primary": "main"
    }
  },
  "widgets": {
    "blog-sidebar": {
      "search-2": {
        "title": ""
      },
      "recent-posts-2": {
        "title": "",
        "number": 5
      },
      "recent-comments-2": {
        "title": "",
        "number": 5
      },
      "archives-2": {
        "title": "",
        "count": 0,
        "dropdown": 0
      },
      "categories-2": {
        "title": "",
        "count": 0,
        "hierarchical": 0,
        "dropdown": 0
      },
      "meta-2": {
        "title": ""
      }
    }
  },
  "recommended_plugins": {
    "themeisle-companion": "Orbit Fox by ThemeIsle"
  },
  "mandatory_plugins": {
    "elementor": "Elementor Page Builder"
  },
  "default_off_recommended_plugins": null,
  "front_page": {
    "front_page": "demo-neve-freelancer",
    "blog_page": null
  },
  "shop_pages": null
}
