{
  "content_file": "https://demo.themeisle.com/neve-onboarding-gutenberg/wp-content/uploads/sites/179/ti-demo-data/export.xml",
  "theme_mods": {
    "neve_blog_archive_layout": "alternative",
    "neve_grid_layout": 3,
    "neve_enable_masonry": true,
    "neve_sitewide_content_width": 70,
    "neve_advanced_layout_options": true,
    "neve_post_content_ordering": "[\"thumbnail\",\"title-meta\",\"excerpt\"]",
    "neve_post_meta_ordering": "[\"author\",\"date\",\"comments\"]",
    "neve_blog_archive_content_width": 75,
    "neve_blog_archive_sidebar_layout": "full-width",
    "neve_shop_archive_sidebar_layout": "left",
    "neve_single_post_sidebar_layout": "full-width",
    "neve_single_product_sidebar_layout": "full-width",
    "neve_other_pages_sidebar_layout": "full-width",
    "neve_single_product_content_width": 100,
    "neve_footer_text": "<p><a href=\"https://themeisle.com/themes/neve/\" rel=\"nofollow\">Neve</a> | Powered by <a href=\"http://wordpress.org\" rel=\"nofollow\">WordPress</a></p>",
    "logo_max_width": "{\"mobile\":120,\"tablet\":120,\"desktop\":120}",
    "__ti_import_menus_location": {
      "primary": "primary-menu"
    }
  },
  "widgets": {
    "blog-sidebar": {
      "search-2": {
        "title": ""
      },
      "recent-posts-2": {
        "title": "",
        "number": 5
      },
      "recent-comments-2": {
        "title": "",
        "number": 5
      },
      "archives-2": {
        "title": "",
        "count": 0,
        "dropdown": 0
      },
      "categories-2": {
        "title": "",
        "count": 0,
        "hierarchical": 0,
        "dropdown": 0
      },
      "meta-2": {
        "title": ""
      }
    },
    "shop-sidebar": {
      "woocommerce_top_rated_products-2": {
        "title": "Top rated products",
        "number": 5
      },
      "woocommerce_price_filter-2": {
        "title": "Filter by price"
      },
      "woocommerce_recently_viewed_products-2": {
        "title": "Recently Viewed Products",
        "number": 10
      },
      "woocommerce_product_categories-2": {
        "title": "Product categories",
        "orderby": "name",
        "dropdown": 0,
        "count": 0,
        "hierarchical": 1,
        "show_children_only": 0,
        "hide_empty": 0,
        "max_depth": ""
      }
    }
  },
  "recommended_plugins": {
    "themeisle-companion": "Orbit Fox by ThemeIsle",
    "woocommerce": "WooCommerce",
    "wpforms-lite": "Contact Form by WPForms &#8211; Drag &amp; Drop Form Builder for WordPress"
  },
  "mandatory_plugins": {
    "otter-blocks": "Gutenberg Blocks and Template Library by Otter",
    "blocks-animation": "Blocks CSS: CSS Animations for Gutenberg Blocks"
  },
  "default_off_recommended_plugins": [
    "woocommerce"
  ],
  "front_page": {
    "front_page": "home",
    "blog_page": "blog"
  },
  "shop_pages": {
    "woocommerce_shop_page_id": "shop",
    "woocommerce_cart_page_id": "cart",
    "woocommerce_checkout_page_id": "checkout",
    "woocommerce_myaccount_page_id": "my-account"
  }
}